,emp_id,dishes_name
21,988,麻辣小龙虾
22,988,香菇鹌鹑蛋
23,988,凉拌菠菜
24,988,哈尔滨啤酒罐装
26,1097,芝士烩波士顿龙虾
27,1097,清蒸海鱼
28,1097,百里香奶油烤t酒牛肉
29,1097,辣炒鱿鱼
30,1097,爆炒猪肝
31,1097,啤酒鸭
32,1097,干锅田鸡
33,1097,番茄蛋汤
34,1097,黄花菜炒木耳
35,1097,西瓜胡萝卜沙拉
36,1097,凉拌萝卜丝
37,1097,38度剑南春
38,1097,蓝带啤酒罐装
39,1097,老式面包
40,1097,一品香酥藕
41,1097,牛奶卷
43,1097,葡萄奶酥(超酥香的饼干)
49,988,党参黄芪炖牛尾
50,988,三色凉拌手撕兔
51,988,白斩鸡
52,988,爆炒鸡翅
53,988,清炒菊花菜
54,988,培根花菜
55,988,北冰洋汽水
56,988,老式面包
75,1463,油焖麻辣虾
76,1463,蒜香辣花甲
77,1463,蒜蓉生蚝
78,1463,番茄有机花菜
79,1463,谷稻小庄
81,1463,冰糖红豆薏米粥
156,1480,香酥两吃大虾
157,1480,蒙古烤羊腿
158,1480,爆炒鸡翅
159,1480,肉丁茄子
160,1480,番茄有机花菜
161,1480,酸辣汤面
162,1480,山药养生粥
163,1480,广式虾仁肠粉
164,1480,啤酒鸭
165,1480,意文柠檬汁
179,1252,凉拌海带豆芽紫菜
180,1252,泡椒凤爪
181,1252,桂圆枸杞鸽子汤
182,1252,水煮鱼
183,1252,三色凉拌手撕兔
184,1252,辣炒田螺
185,1252,蒜香辣花甲
186,1252,香烤牛排
187,1252,焖猪手
188,1252,番茄有机花菜
189,1252,凉拌菠菜
190,1252,金玉良缘
191,1252,黄尾袋鼠西拉子红葡萄酒
192,1252,张裕葡萄酒张裕赤霞珠干红
194,1545,姜葱炒花蟹
195,1545,海带结豆腐汤
196,1545,三丝鳝鱼
197,1545,香烤牛排
198,1545,玉竹南北杏鸭腿汤
199,1545,啤酒鸭
200,1545,香菇鹌鹑蛋
201,1545,拌土豆丝
202,1545,糖醋蕃茄溜青花
203,1545,黄油曲奇饼干
205,1545,小米南瓜粥
206,1545,皮蛋瘦肉粥
217,1250,花蛤蒸蛋
218,1250,培根紫菜卷
219,1250,鲜美鳝鱼
220,1250,番茄炖牛腩
221,1250,糖醋蕃茄溜青花
222,1250,谷稻小庄
252,982,剁椒鱼头
253,982,小炒羊腰
254,982,拌土豆丝
255,982,桂圆枸杞鸽子汤
256,982,番茄有机花菜
308,1018,芝士烩波士顿龙虾
309,1018,香烤牛排
310,1018,香酥两吃大虾
311,1018,红酒炖羊肉
312,1018,凉拌萝卜丝
313,1018,番茄甘蓝
314,1018,番茄炖秋葵
315,1018,南瓜枸杞小饼干
316,1018,大蒜苋菜
317,1018,紫薯面包卷
318,1018,纸杯蛋糕
319,1018,哈尔滨啤酒罐装
349,1007,西瓜胡萝卜沙拉
350,1007,拌土豆丝
351,1007,金玉良缘
352,1007,香菇鹌鹑蛋
353,1007,香烤牛排
354,1007,番茄炖牛腩
355,1007,52度泸州老窖
356,1007,黄油曲奇饼干
357,1007,党参黄芪炖牛尾
358,1007,蛋挞
359,1007,一品香酥藕
360,1007,皮蛋瘦肉粥
361,1007,冰糖红豆薏米粥
362,997,油焖麻辣虾
363,997,姜葱炒花蟹
364,997,麻辣小龙虾
365,997,青炒扁豆
366,997,北冰洋汽水
367,997,葡萄奶酥(超酥香的饼干)
392,997,香酥两吃大虾
393,997,水煮鱼
394,997,蒜香辣花甲
395,997,五香酱驴肉
396,997,凉拌菠菜
397,997,哈尔滨啤酒罐装
398,997,美妙绝伦之白莲花
399,997,蒜香包
401,1521,香酥两吃大虾
402,1521,清蒸蝶鱼
403,1521,重庆特色油烧兔
404,1521,鲜美鳝鱼
405,1521,剁椒鱼头
406,1521,玉竹南北杏鸭腿汤
407,1521,杭椒鸡珍
408,1521,黄花菜炒木耳
409,1521,美妙绝伦之白莲花
410,1521,黑米恋上葡萄
411,1521,西瓜胡萝卜沙拉
412,1521,52度泸州老窖
413,1521,五色糯米饭(七色)
440,982,蛋挞
441,982,西瓜胡萝卜沙拉
442,982,蒜香辣花甲
443,982,小米南瓜粥
468,1095,白斩鸡
469,1095,香烤牛排
470,1095,干锅田鸡
471,1095,桂圆枸杞鸽子汤
472,1095,番茄有机花菜
493,1468,番茄蛋汤
494,1468,拌土豆丝
495,1468,麻辣小龙虾
496,1468,哈尔滨啤酒罐装
497,1468,凉拌菠菜
665,1007,倒立蒸梭子蟹
666,1007,牛尾汤
667,1007,孜然羊排
668,1007,照烧鸡腿
669,1007,辣炒海带丝
670,1007,香菇鹌鹑蛋
671,1007,凉拌萝卜丝
672,1007,老式面包
673,1007,培根花菜
680,982,拌土豆丝
681,982,焖猪手
682,982,番茄炖牛腩
683,982,培根花菜
684,982,谷稻小庄
753,1319,番茄炖牛腩
754,1319,金玉良缘
755,1319,照烧鸡腿
756,1319,拌土豆丝
831,1587,麻辣小龙虾
832,1587,蒜香辣花甲
833,1587,百里香奶油烤红酒牛肉
834,1587,凉拌蒜蓉西兰花
835,1587,黄尾袋鼠西拉子红葡萄酒
836,1587,葡萄奶酥(超酥香的饼干)
838,1587,桂圆枸杞鸽子汤
839,1587,美妙绝伦之白莲花
840,1587,葱油凉拌藕片
841,1587,培根紫菜卷
842,1587,香辣爆羊肝
843,1587,意文柠檬汁
844,1587,干锅田鸡
845,1587,培根花菜
846,1243,牛尾汤
847,1243,独家薄荷鲜虾牛肉卷
848,1243,香菇鹌鹑蛋
849,1243,西瓜胡萝卜沙拉
850,1243,谷稻小庄
851,1243,黄油曲奇饼干
852,1243,五色糯米饭(七色)
908,1095,芝士烩波士顿龙虾
909,1095,蒙古烤羊腿
910,1095,姜葱炒花蟹
911,1095,白胡椒胡萝卜羊肉汤
912,1095,葱油凉拌藕片
914,1095,张裕葡萄酒张裕赤霞珠干红
915,1095,蛋挞
916,1095,麻辣小龙虾
917,1095,番茄炖牛腩
918,1095,谷稻小庄
935,1523,油焖麻辣虾
936,1523,番茄炖牛腩
937,1523,拌土豆丝
938,1523,木须豌豆
940,1523,鲜美鳝鱼
1156,1608,芝士烩波士顿龙虾
1157,1608,倒立蒸梭子蟹
1158,1608,麻辣小龙虾
1159,1608,清蒸海鱼
1160,1608,辣炒花蛤
1161,1608,辣炒海带丝
1162,1608,百里香奶油烤红酒牛肉
1163,1608,红酒炖羊肉
1164,1608,葱油凉拌藕片
1165,1608,大蒜苋菜
1166,1608,牛奶卷
1167,1608,50度古井贡酒
1168,1608,桂圆肉红豆八宝饭
1169,1608,黄尾袋鼠西拉子红葡萄酒
1170,1608,五色糯米饭(七色)
1359,1349,水煮鱼
1360,1349,蒜蓉生蚝
1361,1349,香辣爆羊肝
1362,1349,西瓜胡萝卜沙拉
1363,1349,金玉良缘
1364,1349,爆炒双丝
1366,1349,黄尾袋鼠西拉子红葡萄酒
1382,1465,鲜美鳝鱼
1383,1465,芝麻烤紫菜
1384,1465,白胡椒胡萝卜羊肉汤
1385,1465,小炒羊腰
1386,1465,美妙绝伦之白莲花
1387,1465,清炒菊花菜
1388,1465,谷稻小庄
1390,1465,老式面包
1391,1465,清蒸蝶鱼
1392,1465,番茄甘蓝
1393,1465,西瓜胡萝卜沙拉
1394,1465,小米南瓜粥
1414,1109,爆炒鳝碌
1415,1109,红酒炖羊肉
1416,1109,葱姜炒蟹
1417,1109,青岛啤酒罐装
1418,1109,水煮鱼
1419,1109,特醇嘉士伯啤酒罐装
1420,1109,百威啤酒罐装
1421,1109,辣炒鱿鱼
1423,1109,培根花菜
1424,1109,番茄甘蓝
1496,1462,剁椒鱼头
1497,1462,蒜蓉生蚝
1499,1462,拌土豆丝
1500,1462,一品香酥藕
1501,1462,意文柠檬汁
1559,1102,芝士烩波士顿龙虾
1560,1102,辣炒鱿鱼
1561,1102,焖猪手
1562,1102,剁椒鱼头
1564,1102,凉拌菠菜
1565,1102,芹菜炒腰花
1566,1102,香烤牛排
1567,1102,香酥两吃大虾
1568,1102,党参黄芪炖牛尾
1569,1102,自制猪肉脯
1570,1102,美妙绝伦之白莲花
1571,1102,炝炒大白菜
1572,1102,南瓜枸杞小饼干
1671,1018,麻辣小龙虾
1672,1018,番茄炖牛腩
1673,1018,油焖麻辣虾
1674,1018,番茄甘蓝
1675,1018,葱油凉拌藕片
1676,1018,香烤牛排
1677,1104,芝麻烤紫菜
1678,1104,葱姜炒蟹
1679,1104,凉拌蒜蓉西兰花
1680,1104,一品香酥藕
1681,1104,白胡椒胡萝卜羊肉汤
1682,1104,干锅田鸡
1683,1104,百威啤酒罐装
1684,1104,冬瓜炒苦瓜
1685,1104,超人气广式肠粉
1686,1104,五香酱驴肉
1687,1104,糖醋蕃茄溜青花
1688,1104,蛋挞
1689,1104,山药养生粥
1690,1104,小米南瓜粥
1691,1104,五色糯米饭(七色)
1692,1104,麻辣小龙虾
1716,1202,姜葱炒花蟹
1717,1202,香菇鹌鹑蛋
1718,1202,油焖麻辣虾
1719,1202,牛尾汤
1720,1202,水煮鱼
1721,1202,五色糯米饭(七色)
1722,1202,独家薄荷鲜虾牛肉卷
1723,1202,麻辣小龙虾
1724,1202,53度茅台
1725,1202,番茄炖秋葵
1726,1202,照烧鸡腿
1727,1202,泡椒凤爪
1728,1202,杭椒鸡珍
1811,1013,焖猪手
1812,1013,香酥两吃大虾
1813,1013,白胡椒胡萝卜羊肉汤
1814,1013,爆炒猪肝
1815,1013,干锅田鸡
1816,1013,快炒黄鳝
1817,1013,五香酱驴肉
1818,1013,凉拌菠菜
1819,1013,五色糯米饭(七色)
1820,1013,黄油曲奇饼干
1821,1013,42度海之蓝
1822,1013,大蒜苋菜
2039,1338,芝士烩波士顿龙虾
2040,1338,倒立蒸梭子蟹
2041,1338,冰镇花螺
2042,1338,快炒黄鳝
2043,1338,爆炒双丝
2044,1338,泡椒凤爪
2045,1338,白胡椒胡萝卜羊肉汤
2046,1338,肉丁茄子
2047,1338,长城窖酿解百纳红酒干红葡萄酒
2048,1338,清炒菊花菜
2049,1338,不加一滴油的酸奶蛋糕
2050,1338,五色糯米饭(七色)
2138,1158,姜葱炒花蟹
2139,1158,豌豆薯仔猪骨汤
2140,1158,自制猪肉脯
2141,1158,芹菜炒腰花
2142,1158,凉拌蒜蓉西兰花
2143,1158,凉拌菠菜
2144,1158,芹黄鳝丝
2145,1158,桂圆枸杞鸽子汤
2146,1158,黑米恋上葡萄
2147,1158,照烧鸡腿
2148,1158,辣炒鱿鱼
2149,1158,广式虾仁肠粉
2150,1158,蛋挞
2151,1158,黄尾袋鼠西拉子红葡萄酒
2152,1158,意文柠檬汁
2213,1128,青岛啤酒罐装
2214,1128,蒜香辣花甲
2215,1128,爆炒鳝碌
2216,1128,酸辣藕丁
2217,1128,培根花菜
2218,1128,培根紫菜卷
2219,1128,法国波尔多AOC干红葡萄酒原
2220,1128,独家薄荷鲜虾牛肉卷
2221,1128,金玉良缘
2222,1128,五色糯米饭(七色)
2252,1163,麻辣小龙虾
2253,1163,培根紫菜卷
2254,1163,剁椒鱼头
2255,1163,一品香酥藕
2256,1163,重庆特色油烧兔
2257,1163,葱油凉拌藕片
2258,1163,香菇鸡肉粥
2259,1163,意文柠檬汁
2300,1161,麻辣小龙虾
2302,1161,小米南瓜粥
2303,1161,美妙绝伦之白莲花
2304,1177,炝炒大白菜
2305,1177,爆炒猪肝
2306,1177,凉拌蒜蓉西兰花
2308,1177,北冰洋汽水
2345,1163,海带结豆腐汤
2346,1163,蒙古烤羊腿
2347,1163,香酥两吃大虾
2348,1163,爆炒双丝
2349,1163,谷稻小庄
2350,1163,凉拌菠菜
2401,1418,冰糖红豆薏米粥
2402,1418,冰镇花螺
2403,1418,焖猪手
2404,1418,水煮鱼
2405,1418,大蒜苋菜
2406,1418,蒙古烤羊腿
2407,1418,凉拌菠菜
2408,1418,孜然羊排
2409,1418,香酥两吃大虾
2410,1316,麻辣小龙虾
2411,1316,芝士烩波士顿龙虾
2412,1316,凉拌蒜蓉西兰花
2413,1316,豌豆薯仔猪骨汤
2553,1018,姜葱炒花蟹
2554,1018,水煮鱼
2555,1018,蒙古烤羊腿
2556,1018,凉拌萝卜丝
2557,1018,酸辣藕丁
2558,1018,谷稻小庄
2559,1018,老式面包
2560,1018,五色糯米饭(七色)
2562,1018,香辣爆羊肝
2563,1018,培根紫菜卷
2565,1018,快炒黄鳝
2566,1018,肉丁茄子
2567,1018,清炒菊花菜
2664,1163,芝士烩波士顿龙虾
2665,1163,辣炒鱿鱼
2666,1163,剁椒鱼头
2667,1163,辣炒海带丝
2668,1163,孜然羊排
2669,1163,凉拌菠菜
2670,1163,葱油凉拌藕片
2671,1163,重庆特色油烧兔
2672,1163,北冰洋汽水
2673,1163,哈尔滨啤酒罐装
2675,1163,美妙绝伦之白莲花
2676,1163,蒙古烤羊腿
2677,1163,西瓜胡萝卜沙拉
2678,1163,香辣爆羊肝
2679,1163,桂圆枸杞鸽子汤
2680,1163,香菇鹌鹑蛋
2681,1163,麻辣小龙虾
2682,1163,肉丁茄子
2683,1163,泡椒凤爪
2779,1406,白胡椒胡萝卜羊肉汤
2780,1406,芝麻烤紫菜
2781,1406,番茄炖秋葵
2782,1406,蒜蓉生蚝
2783,1406,干锅田鸡
2784,1406,凉拌蒜蓉西兰花
2785,1406,谷稻小庄
2786,1406,百威啤酒罐装
2787,1406,紫薯面包卷
2788,1406,冰糖红豆薏米粥
2789,1406,清爽拌凉面
2791,1406,麻辣小龙虾
2901,1312,芝士烩波士顿龙虾
2902,1312,辣炒鱿鱼
2903,1312,焖猪手
2904,1312,冰镇花螺
2905,1312,水煮鱼
2906,1312,百里香奶油烤红酒牛肉
2907,1312,孜然羊排
2908,1312,番茄有机花菜
2909,1312,杭椒鸡珍
2910,1312,黄花菜炒木耳
2911,1312,五彩豆
2912,1312,谷稻小庄
2913,1312,五色糯米饭(七色)
2914,1312,黄尾袋鼠西拉子红葡萄酒
2993,1181,芝士烩波士顿龙虾
2994,1181,焖猪手
2995,1181,芹菜炒腰花
2996,1181,香辣腐乳炒虾
2997,1181,水煮鱼
2998,1181,剁椒鱼头
2999,1181,美妙绝伦之白莲花
3000,1181,清蒸蝶鱼
3001,1181,红酒炖羊肉
3002,1181,桂圆肉红豆八宝饭
3019,1095,香烤牛排
3020,1095,孜然羊排
3021,1095,白斩鸡
3022,1095,番茄甘蓝
3023,1095,炝炒大白菜
3024,1095,金玉良缘
3025,1095,38度剑南春
3026,1095,五色糯米饭(七色)
3045,1077,水煮鱼
3046,1077,独家薄荷鲜虾牛肉卷
3047,1077,照烧鸡腿
3048,1077,番茄有机花菜
3049,1077,意文柠檬汁
3106,1545,麻辣小龙虾
3107,1545,冰糖红豆薏米粥
3108,1545,自制猪肉脯
3109,1545,意文柠檬汁
3110,1545,水煮鱼
3111,1545,清爽拌凉面
3112,1545,南瓜芝士包
3113,1545,鱼香肉丝拌面
3128,1102,清蒸海鱼
3129,1102,辣炒花蛤
3130,1102,爆炒鸡翅
3131,1102,红酒土豆烧鸭腿
3132,1102,炝炒大白菜
3133,1102,42度海之蓝
3134,1102,金玉良缘
3135,1102,意文柠檬汁
3136,1102,五色糯米饭(七色)
3137,1102,不加一滴油的酸奶蛋糕
3138,1102,爆炒鳝碌
3139,1102,清爽拌凉面
3141,1102,杭椒鸡珍
3142,1102,西瓜胡萝卜沙拉
3143,1102,香辣爆羊肝
3144,1102,肉丁茄子
3145,1102,辣炒鱿鱼
3171,1102,香酥两吃大虾
3172,1102,自制猪肉脯
3173,1102,意文柠檬汁
3174,1102,豌豆薯仔猪骨汤
3175,1102,油焖麻辣虾
3176,1102,炝炒大白菜
3177,1102,番茄炖牛腩
3178,1102,照烧鸡腿
3179,1102,焖猪手
3180,1102,木须豌豆
3181,1102,五色糯米饭(七色)
3201,1472,倒立蒸梭子蟹
3202,1472,芝士烩波士顿龙虾
3203,1472,清蒸海鱼
3204,1472,38度剑南春
3205,1472,桂圆肉红豆八宝饭
3206,1472,爆炒猪肝
3207,1472,百里香奶油烤红酒牛肉
3208,1472,打卤面
3209,1472,清炒菊花菜
3288,1451,清蒸海鱼
3289,1451,辣炒鱿鱼
3290,1451,芝麻烤紫菜
3291,1451,美妙绝伦之白莲花
3292,1451,谷稻小庄
3293,1451,五色糯米饭(七色)
3294,1451,芹菜炒腰花
3295,1451,孜然羊排
3342,1124,麻辣小龙虾
3343,1124,豌豆薯仔猪骨汤
3344,1124,辣炒鱿鱼
3345,1124,凉拌菠菜
3346,1124,剁椒鱼头
3347,1124,爆炒猪肝
3348,1124,蒙古烤羊腿
3349,1124,孜然羊排
3350,1124,姜葱炒花蟹
3351,1124,芹菜炒腰花
3352,1124,自制猪肉脯
3353,1124,香烤牛排
3355,1124,蛋挞
3356,1124,焖猪手
3443,1077,麻辣小龙虾
3444,1077,豌豆薯仔猪骨汤
3445,1077,凉拌菠菜
3446,1077,辣炒鱿鱼
3482,1188,培根紫菜卷
3483,1188,芝麻烤紫菜
3484,1188,啤酒鸭
3485,1188,南瓜枸杞小饼干
3486,1188,黑米恋上葡萄
3487,1188,意文柠檬汁
3488,1440,番茄炖秋葵
3489,1440,清炒菊花菜
3490,1440,爆炒双丝
3492,1440,南瓜枸杞小饼干
3493,1440,特醇嘉士伯啤酒罐装
3562,1095,蒜香包
3563,1095,花蛤蒸蛋
3564,1095,紫薯面包卷
3565,1095,玉竹南北杏鸭腿汤
3566,1095,三色凉拌手撕兔
3567,1095,啤酒鸭
3568,1095,培根花菜
3569,1095,芝士烩波士顿龙虾
3570,1095,香辣腐乳炒虾
3571,1095,北冰洋汽水
3572,1095,倒立蒸梭子蟹
3593,1161,麻辣小龙虾
3594,1161,焖猪手
3595,1161,小炒羊腰
3596,1161,香酥两吃大虾
3597,1161,凉拌菠菜
3607,1582,辣炒田螺
3608,1582,红酒土豆烧鸭腿
3609,1582,杭椒鸡珍
3610,1582,清炒菊花菜
3611,1582,五彩豆
3612,1582,纸杯蛋糕
3613,1582,谷稻小庄
3614,1582,五色糯米饭(七色)
3615,1582,打卤面
3625,1097,水煮鱼
3626,1097,大蒜苋菜
3627,1097,芝麻烤紫菜
3628,1097,路易拉菲红酒干红
3629,1097,白胡椒胡萝卜羊肉汤
3630,1097,凉拌菠菜
3631,1097,百里香奶油烤红酒牛肉
3632,1097,牛肉鸡蛋肠粉
3633,1097,蛋挞
3634,1097,自制猪肉脯
3635,1097,香酥两吃大虾
3636,1097,哈尔滨啤酒罐装
3637,1097,桂圆肉红豆八宝饭
3638,1097,葱油凉拌藕片
3639,1097,山药养生粥
3641,1097,老式面包
3667,1593,培根紫菜卷
3668,1593,桂圆枸杞鸽子汤
3669,1593,糖醋蕃茄溜青花
3671,1593,照烧鸡腿
3683,1171,香酥两吃大虾
3684,1171,水煮鱼
3685,1171,美妙绝伦之白莲花
3686,1171,白胡椒胡萝卜羊肉汤
3687,1171,意文柠檬汁
3688,1171,百里香奶油烤红酒牛肉
3689,1171,紫薯面包卷
3690,1171,打卤面
3691,1171,独家薄荷鲜虾牛肉卷
3692,1171,清爽拌凉面
3693,1171,五色糯米饭(七色)
3694,1171,啤酒鸭
3706,1268,油焖麻辣虾
3707,1268,蒙古烤羊腿
3708,1268,谷稻小庄
3709,1268,凉拌菠菜
3711,1268,香辣爆羊肝
3712,1268,白胡椒胡萝卜羊肉汤
3714,1502,清蒸海鱼
3715,1502,独家薄荷鲜虾牛肉卷
3716,1502,意文柠檬汁
3717,1502,超人气广式肠粉
3718,1502,鱼香肉丝拌面
3719,1502,葱油凉拌藕片
3857,1128,盘蟹蒸蛋
3858,1128,凉拌菠菜
3859,1128,蒙古烤羊腿
3860,1128,焖猪手
3861,1128,辣炒鱿鱼
3862,1128,水煮鱼
3863,1128,豌豆薯仔猪骨汤
3869,1273,芝士烩波士顿龙虾
3870,1273,自制猪肉脯
3871,1273,避风塘炒蟹
3872,1273,清蒸海鱼
3873,1273,香菇鹌鹑蛋
3874,1273,西瓜胡萝卜沙拉
3875,1273,酸辣藕丁
3876,1273,不加一滴油的酸奶蛋糕
3877,1273,谷稻小庄
3878,1273,法国波尔多AOC干红葡萄酒原
3879,1273,纸杯蛋糕
3881,1273,五色糯米饭(七色)
3882,1273,肉丁茄子
3883,1273,凉拌菠菜
3884,1273,桂圆枸杞鸽子汤
3885,1273,孜然羊排
3886,1273,党参黄芪炖牛尾
3887,1273,鲜美鳝鱼
4054,1246,香辣腐乳炒虾
4055,1246,辣炒鱿鱼
4056,1246,爆炒猪肝
4057,1246,香酥两吃大虾
4058,1246,凉拌菠菜
4059,1246,大蒜苋菜
4144,1097,谷稻小庄
4145,1097,蒙古烤羊腿
4146,1097,香酥两吃大虾
4147,1097,培根花菜
4148,1097,杭椒鸡珍
4149,1097,路易拉菲红酒干红
4150,1097,白胡椒胡萝卜羊肉汤
4151,1097,凉拌菠菜
4152,1097,芝麻烤紫菜
4153,1097,照烧鸡腿
4154,1097,酸辣藕丁
4155,1097,孜然羊排
4156,1097,蛋挞
4157,1097,大蒜苋菜
4158,1097,红酒炖羊肉
4188,1146,麻辣小龙虾
4189,1146,白胡椒胡萝卜羊肉汤
4190,1146,凉拌菠菜
4192,1146,纸杯蛋糕
4193,1146,哈尔滨啤酒罐装
4204,1550,花蛤蒸蛋
4205,1550,培根花菜
4206,1550,白斩鸡
4207,1550,大蒜苋菜
4208,1550,豌豆薯仔猪骨汤
4209,1550,谷稻小庄
4210,1550,意文柠檬汁
4211,1550,一品香酥藕
4212,1550,辣炒鱿鱼
4213,1550,五色糯米饭(七色)
4214,1550,自制猪肉脯
4396,1130,麻辣小龙虾
4397,1130,倒立蒸梭子蟹
4398,1130,番茄甘蓝
4399,1130,香菇鹌鹑蛋
4400,1130,金玉良缘
4401,1130,西瓜胡萝卜沙拉
4402,1130,五色糯米饭(七色)
4403,1130,南瓜枸杞小饼干
4404,1130,核桃葡萄干土司
4405,1130,桂圆肉红豆八宝饭
4406,1130,土豆西红柿汤面
4407,1130,山药养生粥
4408,1130,法国波尔多AOC干红葡萄酒原
4409,1130,谷稻小庄
4410,1130,红酒炖羊肉
4430,1198,爆炒双丝
4431,1198,青岛啤酒罐装
4432,1198,干锅田鸡
4433,1198,特醇嘉士伯啤酒罐装
4434,1198,皮蛋瘦肉粥
4466,1128,焖猪手
4467,1128,油焖麻辣虾
4468,1128,芹菜炒腰花
4469,1128,自制猪肉脯
4470,1128,辣炒鱿鱼
4471,1128,水煮鱼
4472,1128,谷稻小庄
4473,1128,凉拌菠菜
4474,1128,白胡椒胡萝卜羊肉汤
4475,1128,蒙古烤羊腿
4476,1128,葱油凉拌藕片
4477,1128,张裕葡萄酒张裕赤霞珠干红
4479,1128,姜葱炒花蟹
4480,1082,油焖麻辣虾
4481,1082,皮蛋瘦肉粥
4482,1082,冰糖红豆薏米粥
4483,1082,清蒸海鱼
4484,1082,水煮鱼
4485,1082,辣炒鱿鱼
4486,1082,露露无糖杏仁露
4487,1082,谷稻小庄
4488,1082,意文柠檬汁
4489,1082,凉拌菠菜
4490,1082,香辣爆羊肝
4491,1082,凉拌蒜蓉西兰花
4492,1082,打卤面
4493,1082,南瓜枸杞小饼干
4494,1082,番茄炖牛腩
4495,1082,五色糯米饭(七色)
4496,1082,牛奶卷
4497,1082,葱油凉拌藕片
4498,1082,金玉良缘
4499,1153,香菇鹌鹑蛋
4500,1153,蒙古烤羊腿
4501,1153,爆炒双丝
4502,1153,蛋挞
4503,1153,谷稻小庄
4505,1153,避风塘炒蟹
4506,1153,不加一滴油的酸奶蛋糕
4507,1153,培根紫菜卷
4508,1153,打卤面
4509,1153,酸辣藕丁
4510,1153,水煮鱼
4511,1153,美妙绝伦之白莲花
4512,1153,蒜香辣花甲
4513,1153,百里香奶油烤红酒牛肉
4514,1153,水煮鱼
4515,1153,姜葱炒花蟹
4516,1153,党参黄芪炖牛尾
4517,1153,油焖麻辣虾
4518,1153,三色凉拌手撕兔
4519,1153,木须豌豆
4520,1153,孜然羊排
4521,1153,美妙绝伦之白莲花
4522,1153,肉丁茄子
4523,1153,辣炒鱿鱼
4524,1153,鲜美鳝鱼
4655,1550,香酥两吃大虾
4656,1550,豌豆薯仔猪骨汤
4657,1550,焖猪手
4658,1550,自制猪肉脯
4659,1550,爆炒猪肝
4660,1550,芹菜炒腰花
4661,1550,辣炒鱿鱼
4662,1550,剁椒鱼头
4663,1550,凉拌菠菜
4664,1550,红酒炖羊肉
4665,1550,蒙古烤羊腿
4666,1550,孜然羊排
4667,1550,美妙绝伦之白莲花
4668,1550,香烤牛排
4669,1550,姜葱炒花蟹
4671,1097,油焖麻辣虾
4672,1097,焖猪手
4673,1097,辣炒鱿鱼
4674,1097,自制猪肉脯
4675,1097,剁椒鱼头
4676,1097,凉拌菠菜
4677,1097,芹菜炒腰花
4678,1097,爆炒猪肝
4679,1097,蒙古烤羊腿
4680,1097,干锅田鸡
4681,1097,谷稻小庄
4682,1097,孜然羊排
4683,1097,酸辣藕丁
4684,1097,南瓜枸杞小饼干
4686,1097,照烧鸡腿
4687,1097,泡椒凤爪
4714,1459,香辣腐乳炒虾
4715,1459,辣炒鱿鱼
4716,1459,豌豆薯仔猪骨汤
4718,1459,凉拌菠菜
4719,1459,香烤牛排
4813,1138,培根紫菜卷
4814,1138,豌豆薯仔猪骨汤
4815,1138,焖猪手
4816,1138,皮蛋瘦肉粥
4817,1138,爆炒猪肝
4818,1138,牛肉鸡蛋肠粉
4819,1138,谷稻小庄
4820,1135,姜葱炒花蟹
4821,1135,香辣腐乳炒虾
4822,1135,焖猪手
4823,1135,香菇鹌鹑蛋
4824,1135,番茄甘蓝
4825,1135,葱油凉拌藕片
4826,1135,五色糯米饭(七色)
4880,1515,辣炒鱿鱼
4881,1515,孜然羊排
4882,1515,牛尾汤
4883,1515,番茄炖秋葵
4884,1515,黑米恋上葡萄
4885,1515,黄油曲奇饼干
4886,1515,西瓜胡萝卜沙拉
4887,1515,百威啤酒罐装
4888,1102,麻辣小龙虾
4889,1102,谷稻小庄
4890,1102,美妙绝伦之白莲花
4891,1102,香烤牛排
4892,1102,孜然羊排
4893,1102,蛋挞
4895,1102,蒜香包
4896,1102,牛尾汤
4897,1102,白胡椒胡萝卜羊肉汤
4898,1102,桂圆枸杞鸽子汤
4899,1102,水煮鱼
4901,1102,黄油曲奇饼干
4902,1102,纸杯蛋糕
4903,1102,露露无糖杏仁露
4904,1102,清爽拌凉面
4905,1102,凉拌菠菜
4906,1102,香菇鹌鹑蛋
4907,1102,西瓜胡萝卜沙拉
4908,1102,香辣爆羊肝
4909,1102,肉丁茄子
4910,1102,大理石奶油蛋糕
4911,1102,五香酱驴肉
4948,1138,清蒸海鱼
4949,1138,水煮鱼
4950,1138,独家薄荷鲜虾牛肉卷
4952,1138,牛尾汤
4953,1138,意文柠檬汁
4954,1138,金玉良缘
4955,1138,酸辣藕丁
5018,1000,麻辣小龙虾
5019,1000,爆炒猪肝
5020,1000,辣炒鱿鱼
5021,1000,冰糖红豆薏米粥
5022,1000,清蒸海鱼
5023,1000,皮蛋瘦肉粥
5024,1000,农夫山泉NFC果汁100%橙汁
5025,1000,谷稻小庄
5026,1000,炝炒大白菜
5027,1000,美妙绝伦之白莲花
5028,1000,凉拌菠菜
5029,1000,凉拌蒜蓉西兰花
5030,1000,红酒炖羊肉
5031,1000,核桃葡萄干土司
5081,1104,麻辣小龙虾
5082,1104,谷稻小庄
5083,1104,美妙绝伦之白莲花
5084,1104,香酥两吃大虾
5085,1104,白胡椒胡萝卜羊肉汤
5086,1104,南瓜枸杞小饼干
5088,1104,番茄甘蓝
5089,1104,西瓜胡萝卜沙拉
5090,1104,独家薄荷鲜虾牛肉卷
5146,1288,香辣腐乳炒虾
5147,1288,红酒炖羊肉
5148,1288,剁椒鱼头
5149,1288,谷稻小庄
5150,1288,冰糖红豆薏米粥
5151,1288,凉拌菠菜
5178,1352,芝士烩波士顿龙虾
5179,1352,倒立蒸梭子蟹
5180,1352,麻辣小龙虾
5181,1352,南瓜枸杞小饼干
5182,1352,谷稻小庄
5183,1352,清蒸蝶鱼
5184,1352,凉拌蒜蓉西兰花
5185,1352,快炒黄鳝
5186,1352,百威啤酒罐装
5187,1352,青岛啤酒罐装
5188,1352,特醇嘉士伯啤酒罐装
5189,1352,红酒土豆烧鸭腿
5190,1352,番茄蛋汤
5191,1352,杭椒鸡珍
5192,1352,番茄有机花菜
5193,1352,拌土豆丝
5194,1352,金玉良缘
5196,1352,黑米恋上葡萄
5197,1352,牛尾汤
5357,1431,清蒸海鱼
5358,1431,香酥两吃大虾
5359,1431,蒙古烤羊腿
5360,1431,孜然羊排
5361,1431,西瓜胡萝卜沙拉
5362,1431,香菇鹌鹑蛋
5363,1431,凉拌菠菜
5364,1431,谷稻小庄
5365,1431,路易拉菲红酒干红
5366,1431,桂圆肉红豆八宝饭
5368,1431,黑米恋上葡萄
5369,1431,杭椒鸡珍
5370,1431,老式面包
5371,1431,芝麻烤紫菜
5372,1431,红酒土豆烧鸭腿
5373,1431,桂圆枸杞鸽子汤
5374,1431,麻辣小龙虾
5386,1435,芝士烩波士顿龙虾
5387,1435,豌豆薯仔猪骨汤
5388,1435,焖猪手
5389,1435,爆炒猪肝
5390,1435,自制猪肉脯
5391,1435,芹菜炒腰花
5392,1435,冰糖红豆薏米粥
5393,1435,清蒸海鱼
5394,1435,剁椒鱼头
5395,1435,谷稻小庄
5396,1435,大蒜苋菜
5397,1435,炝炒大白菜
5398,1435,美妙绝伦之白莲花
5399,1435,凉拌菠菜
5426,1109,芝士烩波士顿龙虾
5427,1109,焖猪手
5428,1109,美妙绝伦之白莲花
5429,1109,凉拌菠菜
5430,1109,剁椒鱼头
5431,1109,清蒸海鱼
5432,1109,五色糯米饭(七色)
5433,1109,黄尾袋鼠西拉子红葡萄酒
5434,1124,芝士烩波士顿龙虾
5435,1124,焖猪手
5436,1124,爆炒猪肝
5437,1124,自制猪肉脯
5438,1124,小米南瓜粥
5439,1124,芹菜炒腰花
5440,1124,香菇鸡肉粥
5441,1124,剁椒鱼头
5442,1124,谷稻小庄
5443,1124,清蒸海鱼
5444,1124,黄尾袋鼠西拉子红葡萄酒
5445,1124,香酥两吃大虾
5446,1124,凉拌菠菜
5447,1124,凉拌蒜蓉西兰花
5448,1124,桂圆肉红豆八宝饭
5497,1171,芝士烩波士顿龙虾
5498,1171,香酥两吃大虾
5499,1171,法国波尔多AOC干红葡萄酒原
5500,1171,冰糖红豆薏米粥
5501,1171,凉拌萝卜丝
5502,1171,美妙绝伦之白莲花
5516,1294,剁椒鱼头
5517,1294,清蒸蝶鱼
5518,1294,培根紫菜卷
5519,1294,凉拌海带豆芽紫菜
5520,1294,啤酒鸭
5521,1294,五香酱驴肉
5522,1294,独家薄荷鲜虾牛肉卷
5523,1294,爆炒双丝
5524,1294,番茄炖牛腩
5525,1294,葱油凉拌藕片
5526,1294,酸辣藕丁
5527,1294,美妙绝伦之白莲花
5528,1294,糖醋蕃茄溜青花
5529,1294,五彩豆
5531,1294,谷稻小庄
5558,1176,麻辣小龙虾
5559,1176,姜葱炒花蟹
5560,1176,培根花菜
5561,1176,五色糯米饭(七色)
5563,1176,干锅田鸡
5564,1176,木须豌豆
5565,1176,黄尾袋鼠西拉子红葡萄酒
5566,1176,哈尔滨啤酒罐装
5567,1176,葱油凉拌藕片
5568,1176,黄花菜炒木耳
5569,1176,番茄炖牛腩
5570,1176,皮蛋瘦肉粥
5571,1176,蒜香辣花甲
5572,1176,葡萄奶酥(超酥香的饼干)
5573,1176,爆炒双丝
5574,1176,红酒土豆烧鸭腿
5575,1176,桂圆枸杞鸽子汤
5675,1200,酸辣藕丁
5676,1200,蒜香辣花甲
5677,1200,番茄有机花菜
5678,1200,意文柠檬汁
5776,1391,香酥两吃大虾
5777,1391,倒立蒸梭子蟹
5778,1391,谷稻小庄
5779,1391,美妙绝伦之白莲花
5780,1391,辣炒鱿鱼
5781,1391,剁椒鱼头
5782,1391,爆炒鳝碌
5783,1391,北冰洋汽水
5784,1391,酸辣藕丁
5785,1391,蒜香包
5786,1391,农夫山泉NFC果汁100%橙汁
5787,1391,蛋挞
5789,1391,葡萄奶酥(超酥香的饼干)
5790,1391,西瓜胡萝卜沙拉
5791,1391,孜然羊排
5792,1391,蒙古烤羊腿
5793,1391,香辣爆羊肝
5794,1391,水煮鱼
5795,1391,凉拌菠菜
5796,1391,鱼香肉丝拌面
5797,1391,黄花菜炒木耳
5798,1391,豌豆薯仔猪骨汤
5867,1394,美妙绝伦之白莲花
5868,1394,清蒸海鱼
5869,1394,快炒黄鳝
5871,1394,清炒菊花菜
5872,1394,张裕葡萄酒张裕赤霞珠干红
5900,1130,芝士烩波士顿龙虾
5901,1130,剁椒鱼头
5902,1130,培根紫菜卷
5903,1130,芝麻烤紫菜
5904,1130,番茄蛋汤
5905,1130,啤酒鸭
5906,1130,凉拌菠菜
5907,1130,大蒜苋菜
5908,1130,爆炒双丝
5909,1130,52度泸州老窖
5910,1130,谷稻小庄
5911,1130,咖啡奶香面包
5912,1130,西瓜胡萝卜沙拉
5913,1130,牛奶卷
5914,1130,五色糯米饭(七色)
5915,1130,小米南瓜粥
5916,1130,冰糖红豆薏米粥
5917,1130,牛肉鸡蛋肠粉
5918,1130,北冰洋汽水
5985,1483,香酥两吃大虾
5986,1483,自制猪肉脯
5987,1483,香菇鹌鹑蛋
5988,1483,酸辣藕丁
5989,1483,凉拌菠菜
5990,1483,山药养生粥
5991,1483,五色糯米饭(七色)
5992,1483,肉丁茄子
5993,1483,番茄有机花菜
5994,1483,花蛤蒸蛋
5995,1483,红酒土豆烧鸭腿
5996,1483,蒜蓉生蚝
5997,1483,50度古井贡酒
5998,1483,意文柠檬汁
6000,1483,独家薄荷鲜虾牛肉卷
6001,1483,咖啡奶香面包
6002,1483,番茄炖秋葵
6007,1258,芝士烩波士顿龙虾
6008,1258,自制猪肉脯
6009,1258,爆炒猪肝
6010,1258,芹菜炒腰花
6011,1258,焖猪手
6012,1258,豌豆薯仔猪骨汤
6013,1258,谷稻小庄
6014,1258,清蒸海鱼
6015,1258,冰糖红豆薏米粥
6016,1258,凉拌菠菜
6017,1258,炝炒大白菜
6018,1258,大蒜苋菜
6019,1258,美妙绝伦之白莲花
6020,1258,五色糯米饭(七色)
6021,1258,凉拌蒜蓉西兰花
6078,1176,香酥两吃大虾
6079,1176,自制猪肉脯
6080,1176,不加一滴油的酸奶蛋糕
6081,1176,50度古井贡酒
6082,1176,黑米恋上葡萄
6083,1176,焖猪手
6084,1176,芹菜炒腰花
6085,1176,倒立蒸梭子蟹
6086,1176,大蒜苋菜
6087,1176,大理石奶油蛋糕
6088,1176,芝士烩波士顿龙虾
6135,1292,油焖麻辣虾
6136,1292,自制猪肉脯
6137,1292,冰糖红豆薏米粥
6138,1292,水煮鱼
6139,1292,谷稻小庄
6140,1292,凉拌蒜蓉西兰花
6141,1292,紫薯面包卷
6142,1292,鱼香肉丝拌面
6247,1550,香辣腐乳炒虾
6248,1550,芹菜炒腰花
6249,1550,自制猪肉脯
6250,1550,皮蛋瘦肉粥
6251,1550,小米南瓜粥
6252,1550,冰糖红豆薏米粥
6253,1550,辣炒鱿鱼
6254,1550,谷稻小庄
6255,1550,五香酱驴肉
6256,1550,水煮鱼
6257,1550,五色糯米饭(七色)
6258,1550,黄花菜炒木耳
6259,1550,鱼香肉丝拌面
6260,1550,独家薄荷鲜虾牛肉卷
6261,1550,清爽拌凉面
6262,1550,清炒菊花菜
6263,1550,番茄有机花菜
6264,1550,培根紫菜卷
6282,1215,香酥两吃大虾
6283,1215,自制猪肉脯
6284,1215,香菇鸡肉粥
6285,1215,芝士烩波士顿龙虾
6286,1215,百里香奶油烤红酒牛肉
6287,1215,照烧鸡腿
6288,1215,意文柠檬汁
6289,1215,酸辣汤面
6290,1215,美妙绝伦之白莲花
6291,1215,超人气广式肠粉
6292,1215,五色糯米饭(七色)
6293,1215,麻辣小龙虾
6294,1215,水煮鱼
6295,1215,大理石奶油蛋糕
6296,1215,凉拌菠菜
6297,1215,皮蛋瘦肉粥
6298,1215,蛋挞
6299,1215,黑米恋上葡萄
6302,1215,红酒土豆烧鸭腿
6303,1215,蒜蓉生蚝
6304,1215,蒜香辣花甲
6305,1215,培根花菜
6306,1215,五香酱驴肉
6307,1215,五彩藕苗
6308,1215,番茄有机花菜
6309,1215,糖醋蕃茄溜青花
6310,1215,53度茅台
6311,1215,谷稻小庄
6496,1255,香酥两吃大虾
6497,1255,山药养生粥
6498,1255,芝士烩波士顿龙虾
6499,1255,皮蛋瘦肉粥
6500,1255,番茄有机花菜
6501,1255,炝炒大白菜
6502,1255,青炒扁豆
6503,1255,剁椒鱼头
6504,1255,42度海之蓝
6505,1255,五色糯米饭(七色)
6578,1109,香烤牛排
6579,1109,蒙古烤羊腿
6580,1109,蒜香辣花甲
6581,1109,水煮鱼
6582,1109,酸辣藕丁
6583,1109,芝士烩波士顿龙虾
6584,1109,美妙绝伦之白莲花
6585,1109,凉拌菠菜
6586,1109,黄花菜炒木耳
6587,1109,凉拌蒜蓉西兰花
6588,1109,肉丁茄子
6589,1109,蛋挞
6590,1109,53度茅台
6591,1109,爆炒鸡翅
6592,1109,五色糯米饭(七色)
6593,1109,冰糖红豆薏米粥
6594,1109,西瓜胡萝卜沙拉
6645,1082,山药养生粥
6646,1082,番茄炖牛腩
6647,1082,大理石奶油蛋糕
6648,1082,西瓜胡萝卜沙拉
6649,1082,凉拌菠菜
6650,1082,香酥两吃大虾
6651,1082,美妙绝伦之白莲花
6652,1082,自制猪肉脯
6653,1082,香菇鹌鹑蛋
6654,1082,凉拌蒜蓉西兰花
6656,1082,53度茅台
6721,1354,山药养生粥
6722,1354,芝士烩波士顿龙虾
6723,1354,西瓜胡萝卜沙拉
6724,1354,小米南瓜粥
6725,1354,冰糖红豆薏米粥
6726,1354,露露无糖杏仁露
6727,1354,农夫山泉NFC果汁100%橙汁
6728,1354,孜然羊排
6729,1354,蒙古烤羊腿
6730,1354,避风塘炒蟹
6731,1354,一品香酥藕
6732,1354,南瓜枸杞小饼干
6733,1354,紫薯面包卷
6734,1354,干锅田鸡
6735,1354,路易拉菲红酒干红
6736,1354,番茄甘蓝
6737,1354,芹菜炒腰花
6738,1354,炝炒大白菜
6739,1354,凉拌蒜蓉西兰花
6745,1102,芝士烩波士顿龙虾
6746,1102,五香酱驴肉
6747,1102,培根紫菜卷
6748,1102,法国波尔多AOC干红葡萄酒原
6749,1102,芝麻烤紫菜
6750,1102,牛肉鸡蛋肠粉
6751,1102,西瓜胡萝卜沙拉
6752,1102,黄油曲奇饼干
6753,1102,姜葱炒花蟹
6754,1102,凉拌菠菜
6755,1102,蒙古烤羊腿
6756,1102,孜然羊排
6757,1102,美妙绝伦之白莲花
6758,1102,路易拉菲红酒干红
6759,1102,香酥两吃大虾
6760,1102,糖醋蕃茄溜青花
6786,1138,芝士烩波士顿龙虾
6787,1138,芹菜炒腰花
6788,1138,自制猪肉脯
6789,1138,牛尾汤
6790,1138,百里香奶油烤红酒牛肉
6791,1138,避风塘炒蟹
6792,1138,盘蟹蒸蛋
6793,1138,蒙古烤羊腿
6794,1138,爆炒双丝
6795,1138,凉拌萝卜丝
6796,1138,长城窖酿解百纳红酒干红葡萄酒
6797,1138,不加一滴油的酸奶蛋糕
6798,1138,凉拌菠菜
6799,1138,山药养生粥
6800,1138,葡萄奶酥(超酥香的饼干)
6801,1138,53度茅台
6802,1138,孜然羊排
6803,1138,油焖麻辣虾
6804,1138,香菇鹌鹑蛋
6876,1550,水煮鱼
6877,1550,凉拌蒜蓉西兰花
6878,1550,蛋挞
6880,1550,农夫山泉NFC果汁100%橙汁
6881,1550,露露无糖杏仁露
6882,1247,独家薄荷鲜虾牛肉卷
6883,1247,西瓜胡萝卜沙拉
6884,1247,青炒扁豆
6886,1247,剁椒鱼头
6920,1124,麻辣小龙虾
6921,1124,番茄炖牛腩
6922,1124,培根花菜
6923,1124,美妙绝伦之白莲花
6924,1124,糖醋蕃茄溜青花
6925,1124,五色糯米饭(七色)
6926,1124,长城窖酿解百纳红酒干红葡萄酒
7031,1011,油焖麻辣虾
7032,1011,长城窖酿解百纳红酒干红葡萄酒
7033,1011,芹菜炒腰花
7034,1011,谷稻小庄
7035,1011,水煮鱼
7036,1011,山药养生粥
7037,1011,蓝带啤酒罐装
7038,1011,大蒜苋菜
7039,1011,美妙绝伦之白莲花
7040,1011,木须豌豆
7041,1011,蒜香包
7042,1011,香菇鸡肉粥
7043,1011,孜然羊排
7044,1011,辣炒鱿鱼
7045,1011,香辣爆羊肝
7046,1011,三丝鳝鱼
7047,1011,蒙古烤羊腿
7048,1011,小米南瓜粥
7049,1011,凉拌蒜蓉西兰花
7050,1011,肉丁茄子
7096,1161,芝士烩波士顿龙虾
7097,1161,山药养生粥
7098,1161,北冰洋汽水
7099,1161,凉拌菠菜
7100,1161,孜然羊排
7102,1161,清蒸蝶鱼
7103,1161,五香酱驴肉
7104,1161,焖猪手
7108,1177,芝士烩波士顿龙虾
7109,1177,香烤牛排
7110,1177,番茄炖牛腩
7111,1177,麻辣小龙虾
7112,1177,蒙古烤羊腿
7113,1177,孜然羊排
7114,1177,拌土豆丝
7115,1177,凉拌菠菜
7116,1177,清爽拌凉面
7117,1177,芝麻烤紫菜
7118,1177,谷稻小庄
7119,1177,广式虾仁肠粉
7120,1177,豌豆薯仔猪骨汤
7121,1177,蓝带啤酒罐装
7122,1177,哈尔滨啤酒罐装
7123,1177,五色糯米饭(七色)
7132,1301,麻辣小龙虾
7133,1301,辣炒花蛤
7134,1301,培根紫菜卷
7135,1301,红酒土豆烧鸭腿
7136,1301,豌豆薯仔猪骨汤
7137,1301,清蒸蝶鱼
7138,1301,独家薄荷鲜虾牛肉卷
7139,1301,木须豌豆
7140,1301,白斩鸡
7141,1301,五彩藕苗
7142,1301,凉拌蒜蓉西兰花
7143,1301,冬瓜炒苦瓜
7144,1301,番茄有机花菜
7145,1301,紫薯面包卷
7146,1301,黄油曲奇饼干
7147,1301,五色糯米饭(七色)
7172,1202,香酥两吃大虾
7173,1202,麻辣小龙虾
7174,1202,香菇鹌鹑蛋
7175,1202,党参黄芪炖牛尾
7176,1202,姜葱炒花蟹
7241,1401,芝士烩波士顿龙虾
7242,1401,辣炒鱿鱼
7243,1401,葱姜炒蟹
7244,1401,麻辣小龙虾
7245,1401,金玉良缘
7246,1401,香菇鹌鹑蛋
7247,1401,泡椒凤爪
7248,1401,谷稻小庄
7249,1401,辣炒海带丝
7250,1401,爆炒猪肝
7251,1401,芹菜炒腰花
7252,1401,蒜香辣花甲
7253,1401,凉拌菠菜
7255,1401,自制猪肉脯
7256,1401,蛋挞
7257,1401,水煮鱼
7258,1401,白胡椒胡萝卜羊肉汤
7259,1401,美妙绝伦之白莲花
7260,1401,孜然羊排
7274,1018,芝士烩波士顿龙虾
7275,1018,蒙古烤羊腿
7276,1018,油焖麻辣虾
7277,1018,五香酱驴肉
7278,1018,法国波尔多AOC干红葡萄酒原
7279,1018,芝麻烤紫菜
7280,1018,西瓜胡萝卜沙拉
7281,1018,五色糯米饭(七色)
7282,1018,避风塘炒蟹
7283,1018,香烤牛排
7284,1018,孜然羊排
7285,1018,美妙绝伦之白莲花
7286,1018,辣炒鱿鱼
7287,1018,冰糖红豆薏米粥
7405,1130,香酥两吃大虾
7406,1130,西瓜胡萝卜沙拉
7407,1130,凉拌菠菜
7408,1130,蛋挞
7409,1130,五色糯米饭(七色)
7410,1130,青岛啤酒罐装
7421,1077,剁椒鱼头
7422,1077,辣炒花蛤
7423,1077,清蒸蝶鱼
7424,1077,蒜蓉生蚝
7425,1077,杭椒鸡珍
7426,1077,红酒土豆烧鸭腿
7427,1077,五香酱驴肉
7428,1077,番茄有机花菜
7429,1077,北冰洋汽水
7554,1104,姜葱炒花蟹
7555,1104,芝士烩波士顿龙虾
7556,1104,蒙古烤羊腿
7557,1104,西瓜胡萝卜沙拉
7558,1104,香辣爆羊肝
7559,1104,美妙绝伦之白莲花
7560,1104,谷稻小庄
7561,1104,纸杯蛋糕
7563,1104,蒜香包
7564,1104,北冰洋汽水
7565,1104,冰糖红豆薏米粥
7566,1104,酸辣汤面
7567,1104,盘蟹蒸蛋
7568,1104,避风塘炒蟹
7569,1104,孜然羊排
7570,1104,杭椒鸡珍
7571,1104,培根花菜
7681,1077,清蒸海鱼
7682,1077,辣炒鱿鱼
7683,1077,蒜蓉生蚝
7684,1077,番茄甘蓝
7685,1077,白斩鸡
7686,1077,爆炒双丝
7687,1077,五彩藕苗
7688,1077,西瓜胡萝卜沙拉
7689,1077,意文柠檬汁
7690,1077,一品香酥藕
7691,1077,清爽拌凉面
7692,1077,鱼香肉丝拌面
7693,1077,皮蛋瘦肉粥
7887,1158,香烤牛排
7888,1158,党参黄芪炖牛尾
7889,1158,小炒羊腰
7890,1158,芹菜炒腰花
7891,1158,南瓜芝士包
7892,1158,香菇鸡肉粥
7893,1158,大蒜苋菜
8075,1446,香酥两吃大虾
8076,1446,芝士烩波士顿龙虾
8077,1446,凉拌海带豆芽紫菜
8078,1446,爆炒鸡翅
8079,1446,培根紫菜卷
8080,1446,油焖麻辣虾
8081,1446,白斩鸡
8082,1446,凉拌蒜蓉西兰花
8083,1446,炝炒大白菜
8084,1446,黄花菜炒木耳
8085,1446,法国波尔多AOC干红葡萄酒原
8093,1153,芝士烩波士顿龙虾
8094,1153,香辣腐乳炒虾
8095,1153,孜然羊排
8097,1153,拌土豆丝
8106,1447,清蒸蝶鱼
8107,1447,香酥两吃大虾
8108,1447,焖猪手
8109,1447,白胡椒胡萝卜羊肉汤
8110,1447,凉拌菠菜
8111,1447,美妙绝伦之白莲花
8112,1447,纸杯蛋糕
8113,1447,葡萄奶酥(超酥香的饼干)
8115,1447,香菇鹌鹑蛋
8116,1447,孜然羊排
8117,1447,避风塘炒蟹
8145,1163,水煮鱼
8146,1163,爆炒鸡翅
8147,1163,玉竹南北杏鸭腿汤
8148,1163,蒜香包
8149,1163,黄尾袋鼠西拉子红葡萄酒
8150,1163,大蒜苋菜
8151,1163,木须豌豆
8152,1163,清爽拌凉面
8153,1163,桂圆肉红豆八宝饭
8154,1163,爆炒鳝碌
8155,1163,培根紫菜卷
8208,1146,剁椒鱼头
8209,1146,蒜香辣花甲
8210,1146,芹菜炒腰花
8211,1146,啤酒鸭
8212,1146,番茄蛋汤
8213,1146,五香酱驴肉
8214,1146,五色糯米饭(七色)
8262,1128,水煮鱼
8263,1128,番茄甘蓝
8264,1128,凉拌萝卜丝
8265,1128,意文柠檬汁
8285,1414,辣炒鱿鱼
8286,1414,白胡椒胡萝卜羊肉汤
8287,1414,香烤牛排
8288,1414,啤酒鸭
8289,1414,五香酱驴肉
8290,1414,炝炒大白菜
8291,1414,大蒜苋菜
8292,1414,美妙绝伦之白莲花
8293,1414,凉拌蒜蓉西兰花
8294,1414,拌土豆丝
8295,1414,清炒菊花菜
8296,1414,农夫山泉NFC果汁100%橙汁
8297,1414,番茄甘蓝
8298,1414,爆炒双丝
8299,1414,肉丁茄子
8300,1414,青炒扁豆
8341,1097,辣炒花蛤
8342,1097,凉拌蒜蓉西兰花
8343,1097,糖醋蕃茄溜青花
8344,1097,爆炒鸡翅
8345,1097,蛋挞
8347,1097,清爽拌凉面
8348,1130,芝士烩波士顿龙虾
8349,1130,香辣腐乳炒虾
8350,1130,爆炒双丝
8352,1130,百威啤酒罐装
8353,1130,西瓜胡萝卜沙拉
8382,1489,香酥两吃大虾
8383,1489,番茄炖牛腩
8384,1489,麻辣小龙虾
8385,1489,焖猪手
8386,1489,豌豆薯仔猪骨汤
8387,1489,培根花菜
8388,1489,芹菜炒腰花
8389,1489,番茄有机花菜
8390,1489,黄花菜炒木耳
8391,1489,木须豌豆
8392,1489,青岛啤酒罐装
8393,1489,长城窖酿解百纳红酒干红葡萄酒
8394,1489,清炒菊花菜
8395,1489,蒜香包
8396,1489,一品香酥藕
8397,1489,老式面包
8398,1489,南瓜芝士包
8399,1489,小米南瓜粥
8400,1489,鱼香肉丝拌面
8401,1489,清爽拌凉面
8402,1489,土豆西红柿汤面
8569,1128,蒜蓉生蚝
8570,1128,焖猪手
8571,1128,炝炒大白菜
8572,1128,谷稻小庄
8573,1128,蛋挞
8584,1234,白胡椒胡萝卜羊肉汤
8585,1234,白斩鸡
8586,1234,蒜香辣花甲
8588,1234,麻辣小龙虾
8589,1234,姜葱炒花蟹
8590,1234,清蒸蝶鱼
8641,1081,海带结豆腐汤
8642,1081,清炒菊花菜
8643,1081,番茄炖牛腩
8644,1081,杭椒鸡珍
8645,1081,麻辣小龙虾
8646,1081,青炒扁豆
8647,1081,路易拉菲红酒干红
8648,1081,南瓜芝士包
8649,1081,黑米恋上葡萄
8650,1081,桂圆肉红豆八宝饭
8651,1081,快炒黄鳝
8652,1081,培根紫菜卷
8653,1081,意文柠檬汁
8654,1081,一品香酥藕
8688,1161,麻辣小龙虾
8689,1161,孜然羊排
8690,1161,酸辣藕丁
8691,1161,番茄甘蓝
8692,1161,五色糯米饭(七色)
8795,1529,姜葱炒花蟹
8796,1529,油焖麻辣虾
8797,1529,香酥两吃大虾
8798,1529,辣炒鱿鱼
8799,1529,蒙古烤羊腿
8800,1529,照烧鸡腿
8801,1529,大蒜苋菜
8802,1529,焖猪手
8803,1529,小炒羊腰
8804,1529,凉拌菠菜
8805,1529,培根花菜
8806,1529,葱油凉拌藕片
8807,1529,法国波尔多AOC干红葡萄酒原
8808,1529,黄尾袋鼠西拉子红葡萄酒
8809,1529,老式面包
8810,1529,南瓜枸杞小饼干
8811,1529,冰糖红豆薏米粥
8812,1529,紫薯面包卷
8814,1529,清爽拌凉面
8815,1153,香酥两吃大虾
8816,1153,辣炒鱿鱼
8817,1153,爆炒猪肝
8818,1153,照烧鸡腿
8819,1153,芹菜炒腰花
8820,1153,炝炒大白菜
8821,1153,凉拌菠菜
8822,1153,清炒菊花菜
8823,1153,谷稻小庄
8824,1153,青炒扁豆
8825,1153,南瓜枸杞小饼干
8826,1153,南瓜芝士包
8827,1153,牛奶卷
8828,1153,小米南瓜粥
8830,1135,蒜香辣花甲
8831,1135,避风塘炒蟹
8832,1135,白胡椒胡萝卜羊肉汤
8833,1135,蒜蓉生蚝
8834,1135,照烧鸡腿
8835,1135,酸辣藕丁
8836,1135,五彩藕苗
8837,1135,蓝带啤酒罐装
8838,1135,炝炒大白菜
8839,1135,南瓜枸杞小饼干
8840,1135,特醇嘉士伯啤酒罐装
8841,1135,冰糖红豆薏米粥
8842,1135,蒜香包
8843,1135,小米南瓜粥
8844,1135,山药养生粥
8845,1135,油焖麻辣虾
8846,1135,老式面包
8847,1135,牛尾汤
8848,1135,西瓜胡萝卜沙拉
8849,1135,爆炒双丝
8850,1135,紫薯面包卷
8851,1135,38度剑南春
9029,1124,芝士烩波士顿龙虾
9030,1124,香酥两吃大虾
9031,1124,倒立蒸梭子蟹
9032,1124,辣炒海带丝
9033,1124,清蒸蝶鱼
9034,1124,杭椒鸡珍
9035,1124,啤酒鸭
9036,1124,番茄蛋汤
9037,1124,培根花菜
9038,1124,西瓜胡萝卜沙拉
9039,1124,凉拌萝卜丝
9040,1124,路易拉菲红酒干红
9041,1124,核桃葡萄干土司
9042,1124,黄油曲奇饼干
9043,1124,蛋挞
9044,1124,葡萄奶酥(超酥香的饼干)
9045,1124,纸杯蛋糕
9089,1433,麻辣小龙虾
9090,1433,香辣爆羊肝
9091,1433,桂圆枸杞鸽子汤
9092,1433,番茄炖牛腩
9093,1433,拌土豆丝
9094,1433,糖醋蕃茄溜青花
9095,1433,哈尔滨啤酒罐装
9096,1433,一品香酥藕
9097,1433,南瓜芝士包
9098,1433,黑米恋上葡萄
9099,1433,牛肉鸡蛋肠粉
9100,1433,五色糯米饭(七色)
9168,1550,麻辣小龙虾
9169,1550,培根花菜
9171,1550,意文柠檬汁
9210,1417,香辣腐乳炒虾
9211,1417,姜葱炒花蟹
9212,1417,剁椒鱼头
9213,1417,爆炒猪肝
9214,1417,爆炒鸡翅
9215,1417,爆炒双丝
9216,1417,拌土豆丝
9217,1417,番茄炖秋葵
9218,1417,山药养生粥
9219,1417,张裕葡萄酒张裕赤霞珠干红
9221,1128,爆炒双丝
9222,1128,黄花菜炒木耳
9223,1128,农夫山泉NFC果汁100%橙汁
9348,1153,芝士烩波士顿龙虾
9349,1153,清蒸海鱼
9350,1153,剁椒鱼头
9351,1153,辣炒田螺
9352,1153,自制猪肉脯
9353,1153,番茄蛋汤
9354,1153,爆炒鸡翅
9355,1153,独家薄荷鲜虾牛肉卷
9356,1153,黄花菜炒木耳
9357,1153,牛尾汤
9358,1153,木须豌豆
9359,1153,桂圆肉红豆八宝饭
9360,1188,香辣腐乳炒虾
9361,1188,牛尾汤
9362,1188,芝麻烤紫菜
9363,1188,蒙古烤羊腿
9364,1188,爆炒双丝
9365,1188,不加一滴油的酸奶蛋糕
9367,1188,宝宝版牛肉肠粉
9423,1130,辣炒田螺
9424,1130,剁椒鱼头
9425,1130,焖猪手
9426,1130,照烧鸡腿
9427,1130,木须豌豆
9428,1130,美妙绝伦之白莲花
9429,1130,凉拌菠菜
9430,1130,清炒菊花菜
9432,1130,番茄有机花菜
9433,1158,麻辣小龙虾
9434,1158,白胡椒胡萝卜羊肉汤
9435,1158,蒙古烤羊腿
9512,1388,油焖麻辣虾
9513,1388,香烤牛排
9514,1388,爆炒鸡翅
9515,1388,凉拌菠菜
9516,1388,番茄有机花菜
9559,1558,麻辣小龙虾
9560,1558,剁椒鱼头
9561,1558,独家薄荷鲜虾牛肉卷
9562,1558,番茄炖牛腩
9563,1558,番茄蛋汤
9564,1558,凉拌蒜蓉西兰花
9565,1558,五彩豆
9566,1558,路易拉菲红酒干红
9567,1558,肉丁茄子
9568,1558,葡萄奶酥(超酥香的饼干)
9569,1558,一品香酥藕
9570,1558,五色糯米饭(七色)
9571,1558,桂圆肉红豆八宝饭
9572,1558,培根紫菜卷
9573,1558,辣炒海带丝
9633,1130,油焖麻辣虾
9634,1130,清蒸海鱼
9635,1130,辣炒鱿鱼
9636,1130,蒜蓉生蚝
9637,1130,辣炒花蛤
9638,1130,海带结豆腐汤
9639,1130,辣炒海带丝
9640,1130,培根紫菜卷
9641,1130,爆炒鸡翅
9642,1130,孜然羊排
9643,1130,啤酒鸭
9644,1130,番茄炖牛腩
9645,1130,番茄甘蓝
9646,1130,西瓜胡萝卜沙拉
9647,1130,五彩藕苗
9648,1130,炝炒大白菜
9649,1130,番茄炖秋葵
9651,1130,谷稻小庄
9652,1130,农夫山泉NFC果汁100%橙汁
9653,1130,意文柠檬汁
9654,1130,北冰洋汽水
9655,1130,葡萄奶酥(超酥香的饼干)
9656,1130,冰糖红豆薏米粥
9657,1130,蛋挞
9658,1130,大理石奶油蛋糕
9659,1130,小米南瓜粥
9660,1130,五色糯米饭(七色)
9661,1130,桂圆肉红豆八宝饭
9668,1128,芝士烩波士顿龙虾
9669,1128,香酥两吃大虾
9670,1128,清蒸蝶鱼
9671,1128,清蒸海鱼
9672,1128,蒜蓉生蚝
9673,1128,白胡椒胡萝卜羊肉汤
9674,1128,独家薄荷鲜虾牛肉卷
9675,1128,爆炒猪肝
9676,1128,清炒菊花菜
9677,1128,爆炒鸡翅
9678,1128,黄花菜炒木耳
9679,1128,糖醋蕃茄溜青花
9680,1128,五彩豆
9681,1128,番茄有机花菜
9682,1128,路易拉菲红酒干红
9684,1128,谷稻小庄
9685,1128,冰糖红豆薏米粥
9694,1082,香辣爆羊肝
9695,1082,清蒸海鱼
9696,1082,芝士烩波士顿龙虾
9697,1082,白斩鸡
9698,1082,番茄炖牛腩
9699,1082,凉拌蒜蓉西兰花
9700,1082,凉拌菠菜
9701,1082,培根花菜
9702,1082,青岛啤酒罐装
9703,1082,谷稻小庄
9704,1082,清炒菊花菜
9705,1082,老式面包
9706,1082,一品香酥藕
9707,1082,小米南瓜粥
9906,1130,香辣腐乳炒虾
9907,1130,盘蟹蒸蛋
9908,1130,清蒸蝶鱼
9909,1130,党参黄芪炖牛尾
9910,1130,牛尾汤
9911,1130,爆炒双丝
9912,1130,独家薄荷鲜虾牛肉卷
9913,1130,拌土豆丝
9914,1130,西瓜胡萝卜沙拉
9915,1130,38度剑南春
9916,1130,凉拌萝卜丝
9917,1130,五色糯米饭(七色)
9938,1153,芝士烩波士顿龙虾
9939,1153,倒立蒸梭子蟹
9940,1153,清蒸海鱼
9941,1153,蒜蓉生蚝
9942,1153,快炒黄鳝
9943,1153,培根紫菜卷
9944,1153,番茄炖牛腩
9945,1153,孜然羊排
9946,1153,爆炒猪肝
9947,1153,白斩鸡
9948,1153,红酒土豆烧鸭腿
9949,1153,爆炒双丝
9950,1153,葱油凉拌藕片
9951,1153,大蒜苋菜
9952,1153,长城窖酿解百纳红酒干红葡萄酒
9953,1153,53度茅台
9954,1153,五色糯米饭(七色)
9955,1153,桂圆肉红豆八宝饭
